id,badge number
631,6610
1830,5359
790,8353
1207,8354
1051,5474
1788,4606
1940,6696
1632,8555
2100,8356
1840,5457
1071,8070
1779,2810
1637,8358
2131,8563
1857,5670
398,7813
478,8566
2029,7814
2030,7817
1068,6106
1295,7333
1066,7820
2059,8078
1970,7186
1011,6296
382,8083
1078,7451
2136,8591
1058,6908
2033,7828
2034,7830
2035,7834
2061,8100
441,4413
2036,7839
2062,8104
2037,7840
1077,6434
1948,6910
1991,7455
1633,7343
929,8117
1971,7195
566,7196
2038,7853
1956,7014
1069,7204
48,8633
451,5975
1957,7022
582,8636
1073,6259
1072,6362
1941,6716
1057,6622
1918,6455
1118,6157
2040,7884
1909,6263
1972,7216
1061,7893
757,8158
2066,8160
787,8161
901,8398
1973,7217
1974,7218
2068,8170
2069,8171
2070,8172
1975,7221
1062,7226
1634,7228
348,6728
1610,8187
2044,7908
1253,5976
959,4760
1919,6462
370,8193
1920,6468
1070,7584
1056,4708
1220,6835
1065,7720
2074,8203
294,6940
941,8423
919,7383
2075,8209
1921,6474
1079,6314
1910,6269
1001,8214
1922,6481
2151,8699
1053,7394
1923,6486
367,6844
2046,7942
882,7397
2047,7944
2079,8230
1063,8233
1059,5521
1471,6318
2048,7956
748,6489
1205,6648
1230,6854
1074,7266
1203,7965
555,8255
1014,8256
1213,8724
1924,6506
1081,6513
1925,6514
1997,7506
1052,6319
1349,6759
1602,7978
405,7605
1656,5853
1055,7607
836,5825
1805,5004
2084,8279
1054,5701
1926,6535
1935,6667
379,7611
1927,6541
1076,8286
2052,7999
373,8288
2088,8290
593,8291
2089,8292
1474,8293
2090,8294
1445,8295
802,8296
803,8297
1060,8298
824,8299
1928,6543
1373,8751
376,6275
1977,7283
1978,7284
1477,8302
295,7519
1406,8010
2053,8011
2115,8476
1965,7137
1930,6565
1025,6179
1966,7141
1064,7290
1100,5110
1854,5647
1968,7146
1206,8777
116,7525
2095,8317
2054,8028
1132,5708
418,7527
1050,6403
1832,5386
1347,5191
1903,6186
1980,7307
1981,7311
289,8330
1733,6288
1080,7434
320,5432
1163,6792
1311,6793
2098,8341
1547,8809
608,7652
1969,7166
103,8818
170,8819
182,8820
985,8821
1008,8822
1067,8823
1240,8824
1313,8825
1379,8826
1394,8827
126,8828
2172,8829
401,8830
1290,8831
1383,8832
1561,8833
1585,8834
2173,8835
1723,8836
1760,8837
1446,8838
20,8839
731,8840
2174,8841
1752,8842
644,8843
141,8844
226,8845
932,8846
1289,8847
1740,8848
417,8849
691,8850
1535,8851
2175,8852
2176,8853
2177,8854
2178,9304
1674,9600
1706,9601
663,9603
2179,9605
2180,FB24
2181,FC02
2182,IN07
2183,IV03
2184,IV04
2185,IV05
2186,IV06
2187,IV07
2188,IV11
2189,IV12
2190,IV16
2191,IV27
2192,IV29
2193,IV32
2194,IV36
2195,IV41
2196,IV44
2197,IV45
2198,IV48
2199,IV49
2200,IV52
2201,IV53
2203,IV55
2204,IV57
2205,IV58
2206,IV59
2207,IV62
2208,IV63
2209,IV64
2210,IV65
2211,R016
1304,R022
2212,R077
1636,8526
2214,T062
2215,T082
1690,6689
2217,T105
897,5785
1631,8058
2220,T125
1982,7324
1083,7658
2227,T134
2228,T135
2229,T136
1834,5403
2231,T140
1075,8351
2233,T144
2235,X001
2236,X005
2237,X007
2238,X010
2239,X012
2240,X013
2241,X015
2242,X023
2243,X024
2244,X028
2245,X036
2246,X039
2247,X045
2248,X046
2249,X049
2250,X050
2251,X051
2252,X052
2253,X055
2254,X058
2255,X059
2256,X063
2257,X067
2258,X070
2259,X071
2260,X072
2261,X076
2262,X077
2263,X078
2264,X079
2265,X084
2266,X086
2267,X087
2268,X088
2269,X089
2270,X090
2271,X093
2272,X094
2273,X095
2274,X096
2275,X098
2276,X100
2277,X101
2278,X102
2279,X103
2280,X104
2281,X105
2282,X106
2283,X107
2284,X108
2285,X109
2286,X110
2287,X112
2288,X113
2289,X114
2290,X115
2291,X116
2292,X117
2293,X118
2294,X119
2295,X120
2296,X121
2297,X122
2298,X123
2299,X124
2300,X125
2301,X126
2302,X127
2303,X128
2304,X129
2305,X130
2306,X131
2307,X132
2308,X133
2309,X134
2310,X135
2311,X136
2312,X137
2313,X138
2314,X139
2315,X140
2316,X141
2317,X142
2318,X143
2319,X144
2320,X145
2321,X146
2322,X147
2323,X148
2324,X149
2325,X150
2326,X151
2327,X152
2328,X153
2329,X154
2330,X155
2332,X157
2333,X160
2334,X161
2335,X162
2336,X163
2337,X164
2338,X165
2339,X166
2340,X167
2341,X168
2342,X169
2343,X170
2344,X171
2345,X172
2346,X174
2347,X175
2348,X176
2349,X177
2350,X178
2351,X179
2352,X180
2353,X181
2354,X182
2355,X183
2356,X184
2357,X185
2358,X186
2359,X187
2360,X188
2361,X189
2362,X190
2363,X191
2364,X192
2365,X193
2366,X194
2367,X196
2368,X197
2369,X198
2370,X199
2371,X200
2372,X201
2373,X203
2374,X204
2375,X205
2376,X206
2377,X207
2378,X208
2379,X209
2380,X210
2381,X211
2382,X212
2383,X213
2384,X214
2385,X215
2386,X216
2387,X217
2388,X218
2389,X221
2390,X222
2391,X223
2392,X224
2393,X225
2394,X226
2395,X227
2396,X229
2397,X230
2398,X231
2399,X232
2400,X233
2401,X234
2402,X235
2403,X236
2404,X237
2405,X239
2406,X240
2407,X241
2408,X242
2409,X243
2410,X244
2411,X245
2412,X246
2413,X247
2414,X248
2415,X249
2416,X250
2417,X251
2418,X253
2419,X255
2420,X256
2421,X257
2422,X258
2423,X259
2424,X260
2425,X261
2426,X262
2427,X263
2428,X264
2429,X265
2430,X266
2431,X267
2432,X268
2433,X270
2434,X271
2435,X272
2436,X273
2437,X274
2438,X275
2439,X277
2440,X279
2441,X280
2442,X281
2443,X282
2444,X283
2445,X284
2446,X285
2448,X287
2449,X288
2450,X289
2451,X290
2452,X291
2453,X292
2454,X294
2455,X295
2456,X296
2457,X298
2458,X300
2459,X302
2460,X303
2461,X304
2462,X305
2463,X306
2464,X307
2465,X308
2466,X309
2467,X310
2468,X311
2469,X312
2470,X313
2471,X315
2472,X316
2473,X318
2474,X319
2475,X320
2476,X321
2477,X322
2478,X323
2480,X325
2481,X326
2482,X327
2483,X328
2484,X329
2485,X330
2486,X331
2487,X332
2488,X334
2489,X335
2490,X336
2491,X337
2492,X338
2493,X339
2494,X340
2495,X341
2496,X342
2497,X343
2498,X344
2499,X345
2500,X346
2501,X347
2502,X350
2503,X351
2504,X352
2505,X353
2506,X355
2507,X356
2508,X357
2509,X358
2510,X359
2511,X360
2512,X361
2513,X362
2514,X363
2515,X365
2516,X366
2517,X367
2518,X368
2520,X370
2521,X371
2522,X372
2523,X374
2524,X375
2525,X376
2526,X377
2527,X378
2528,X379
2529,X380
2530,X381
2531,X382
2532,X383
2533,X384
2534,X385
2535,X386
2536,X387
2537,X388
2538,X389
2539,X390
2540,X392
2541,X393
2542,X394
2543,X395
2544,X396
2545,X397
2546,X398
2547,X399
2548,X400
2549,X401
2550,X402
2551,X403
2552,X404
2553,X405
2554,X406
2555,X407
2556,X408
2557,X409
2558,X410
2559,X411
2560,X412
2561,X413
2562,X414
2563,X415
2564,X416
2565,X417
2566,X418
2567,X419
2568,X420
2569,X421
2570,X422
2571,X423
2572,X424
2573,X425
2574,X426
2575,X427
2576,X428
2577,X429
2578,X430
2579,X431
2580,X432
2581,X433
2582,X434
2583,X548
1866,5773
183,5774
1285,5776
204,5778
168,5780
1867,5781
1522,5782
1293,5783
910,5784
1868,5786
1281,5789
430,5790
265,5797
1126,5798
1567,5801
415,5803
838,5804
739,5805
1869,5819
570,5823
107,5824
1127,5826
1501,5829
1243,5830
1010,5831
646,5833
1870,5834
1871,5835
861,5837
400,5840
200,5841
21,5843
525,5844
998,5847
337,5849
782,5850
1872,5851
533,5856
1873,5857
1521,5859
761,5860
1019,5871
1365,5872
917,5874
621,5875
149,5876
1103,5878
323,5880
1874,5884
1875,5885
1876,5888
1877,5892
1762,5893
187,5899
1115,5901
1504,5912
1597,5913
242,5917
1878,5918
1049,5919
1879,5921
454,5923
284,5924
94,5925
713,5927
1105,5928
749,5929
773,5930
286,5932
1269,5935
708,5938
1880,5947
1881,5954
1882,5955
1176,5956
1309,5957
1273,5960
341,5963
1423,5965
408,5966
258,5968
443,5969
567,5971
1883,5972
1884,5973
1764,5977
601,5978
1399,5979
1885,5983
1540,5984
1886,5987
501,5989
828,5990
1887,5992
1128,5994
1134,5995
1593,5998
1187,5999
458,6004
328,6012
251,6019
386,6021
831,6022
1111,6023
1200,6024
633,6025
1146,6026
1542,6027
332,6028
1505,6035
360,6037
614,6038
1440,6040
1888,6041
1758,6044
70,6045
1889,6047
869,6050
1890,6051
1891,6052
41,6054
867,6057
689,6060
42,6066
272,6070
1892,6076
1893,6077
1387,6078
1529,6079
1894,6080
1724,6081
889,6086
1895,6088
1407,6089
1896,6090
1223,6092
1897,6094
1384,6097
1898,6098
1899,6100
1657,6101
90,6103
885,6104
233,6108
82,6110
879,6111
1900,6112
61,6113
1490,6114
808,6115
184,6117
1543,6119
821,6122
983,6123
1571,6125
1506,6128
1713,6130
1334,6131
659,6134
1201,6135
721,6136
128,6146
282,6148
1901,6149
473,6151
642,6154
818,6156
1194,6158
1358,6159
1675,6162
1141,6165
1669,6166
1770,6167
1012,6168
1519,6180
1902,6181
1720,6182
1778,6183
736,6187
625,6188
193,6194
1904,6195
1188,6196
416,6204
186,6214
217,6215
273,6216
308,6217
933,6218
662,6221
745,6222
1905,6223
1204,6225
1416,6226
1622,6228
953,6231
169,6235
1906,6236
740,6237
1263,6239
79,6240
597,6241
1503,6244
1266,6245
246,6246
1907,6247
385,6248
784,6256
984,6257
1908,6260
1276,6262
462,6264
972,6265
1626,6268
4,6270
1566,6273
368,6274
469,6276
911,6278
670,6279
1246,6283
1911,6284
1603,6286
1686,6287
971,6289
371,6290
1912,6291
1327,6293
813,6294
384,6295
1620,6297
843,6298
743,6299
519,6301
1627,6307
564,6308
1913,6310
1660,6311
135,6312
742,6316
396,6317
690,6320
171,6321
1599,6322
1252,6328
1462,6331
1574,6334
275,6335
1914,6336
753,6337
737,6338
1047,6339
1149,6341
1175,6342
1437,6346
1459,6347
1641,6349
1682,6351
918,6353
114,6354
1667,6355
716,6358
1915,6364
157,6370
205,6371
624,6378
950,6380
1123,6382
1648,6387
1916,6388
1224,6389
1231,6392
1354,6393
630,6394
411,6396
37,6398
561,6399
1345,6400
1436,6401
1703,6404
1143,6407
596,6412
637,6413
760,6414
812,6417
197,6418
1393,6421
34,6422
146,6424
975,6425
1361,6428
252,6437
899,6439
256,6448
1917,6450
1695,6454
314,6456
569,6457
120,6460
485,6469
1722,6471
223,6472
1086,6475
1357,6478
987,6488
1598,6494
248,6495
456,6523
167,6524
1234,6528
1391,6531
530,6550
1929,6558
1306,6564
1037,6569
1158,6570
1351,6572
1208,6600
733,6602
435,6603
472,6604
309,6606
1482,6607
423,6608
36,6609
724,6611
946,6612
1279,6613
395,6616
1931,6617
756,6620
1026,6621
1431,6625
770,6627
958,6628
1120,6632
364,6633
165,6635
1932,6636
1933,6640
982,6641
1142,6643
1591,6645
1934,6646
356,6654
15,6655
102,6656
849,6662
310,6666
915,6668
1936,6671
1937,6673
543,6675
1413,6678
559,6680
365,6684
967,6685
1310,6686
1938,6687
1596,6690
1939,6692
222,6693
1672,6694
1773,6698
957,6705
793,6706
1528,6707
1569,6709
73,6711
1227,6715
848,6718
121,6724
1774,6725
446,6726
791,6732
493,6735
1588,6738
366,6740
218,6742
538,6744
1621,6746
1942,6747
35,6749
56,6750
1328,6751
301,6753
535,6758
32,6760
1222,6761
810,6763
549,6765
728,6766
855,6768
181,6770
1035,6773
124,6776
1173,6778
1241,6780
1380,6782
87,6783
965,6788
638,6791
1943,6798
1629,6799
410,6800
390,6801
1944,6802
1454,6803
1338,6805
1228,6806
647,6808
201,6809
1776,6810
1945,6812
1946,6814
511,6815
516,6816
775,6818
846,6822
1525,6823
180,6824
617,6827
744,6828
1475,6829
1523,6830
475,6833
1589,6836
540,6838
826,6840
27,6841
1236,6845
80,6848
887,6851
1401,6855
1581,6856
850,6858
291,6861
730,6863
1381,6864
305,6872
1947,6874
653,6875
1711,6877
1508,6878
1699,6879
1248,6880
780,6882
1168,6883
1756,6885
224,6887
1322,6890
1696,6892
936,6893
213,6894
212,6896
111,6898
122,6899
1418,6900
283,6901
355,6902
817,6903
863,6904
1013,6906
1032,6907
1275,6909
1586,6913
1198,6917
1411,6918
1457,6919
517,6920
67,6921
1326,6924
1949,6926
1769,6927
1950,6928
961,6929
490,6933
816,6935
179,6936
52,6938
1541,6942
232,6944
758,6945
303,6947
581,6948
665,6949
1661,6950
1192,6952
1951,6953
194,6954
925,6955
1389,6957
1405,6958
1952,6962
1024,6963
1953,6965
219,6967
1954,6968
1665,6969
1714,6970
1426,6971
117,6972
547,6973
635,6978
1274,6979
142,6980
893,6983
943,6984
1955,6985
1666,6986
1297,6988
173,6992
241,6993
1268,6996
1294,7000
613,7001
1034,7006
1643,7012
505,7015
369,7023
1300,7024
1559,7026
762,7029
1107,7030
1427,7037
837,7038
939,7039
1467,7041
1958,7042
1959,7043
673,7044
495,7050
894,7051
1513,7053
404,7056
1960,7060
895,7062
700,7065
1280,7075
1104,7076
1771,7078
1122,7084
448,7085
1453,7086
1961,7089
1131,7090
40,7096
1962,7097
1135,7108
944,7109
685,7113
1759,7118
1378,7120
1963,7123
1157,7128
854,7132
346,7135
1964,7136
1533,7140
1967,7142
541,7143
43,7147
450,7148
1182,7151
1239,7152
1509,7154
1225,7160
1435,7162
470,7165
77,7167
153,7169
605,7171
649,7172
594,7175
1023,7176
1605,7178
650,7179
1576,7188
575,7191
1097,7192
976,7193
1670,7199
6,7203
1336,7206
1662,7207
1736,7208
710,7210
482,7211
977,7213
615,7214
1298,7215
361,7229
312,7230
819,7234
335,7235
72,7236
144,7237
465,7238
912,7239
1487,7242
1635,7243
279,7244
340,7245
648,7248
10,7249
1247,7253
464,7254
1744,7255
1737,7260
789,7261
1976,7267
1680,7269
514,7271
359,7274
822,7276
1450,7278
1735,7279
924,7281
17,7286
383,7287
392,7288
558,7289
1372,7291
1979,7292
1305,7297
483,7298
718,7302
1193,7303
542,7314
1217,7316
375,7319
687,7320
1584,7321
499,7325
1092,7326
842,7327
796,7330
1481,7331
299,7334
834,7336
1144,7337
1344,7338
1983,7339
1692,7340
1325,7341
195,7344
696,7345
1580,7347
1614,7348
1984,7349
657,7350
1985,7353
1630,7355
237,7357
1174,7358
807,7359
522,7360
518,7361
588,7362
1278,7363
1653,7364
127,7368
1619,7370
786,7372
1493,7374
1028,7377
1410,7379
349,7380
931,7381
1702,7382
699,7388
1421,7390
536,7393
1986,7395
1987,7400
378,7401
139,7402
660,7403
990,7408
1500,7410
105,7411
433,7412
476,7413
513,7414
1497,7415
95,7416
8,7417
508,7418
578,7419
988,7420
1151,7421
1988,7423
1989,7424
381,7426
683,7427
1331,7428
1415,7429
1691,7431
494,7433
881,7435
1199,7436
1990,7437
1460,7439
347,7440
707,7441
1159,7442
1270,7443
1439,7444
1616,7445
9,7447
260,7448
719,7450
888,7452
110,7453
132,7454
955,7456
1096,7457
560,7458
109,7459
231,7460
584,7461
1992,7462
835,7463
1214,7464
1549,7465
715,7467
732,7468
1286,7469
1452,7470
1718,7472
785,7473
529,7474
1993,7481
622,7482
1730,7486
1994,7487
750,7488
1177,7489
1995,7490
1495,7491
1701,7492
1707,7493
1106,7496
1996,7497
1329,7498
69,7499
487,7500
590,7501
1108,7502
1511,7503
1556,7507
421,7509
546,7510
1262,7512
406,7514
420,7515
1343,7517
393,7520
1998,7521
996,7522
164,7523
334,7526
1999,7528
945,7530
2000,7531
2001,7532
1323,7533
1449,7534
1658,7535
190,7536
574,7537
1036,7538
1129,7539
1531,7540
123,7541
1101,7544
2002,7546
307,7547
492,7548
675,7549
1377,7550
1512,7552
143,7553
853,7555
1180,7556
45,7557
345,7558
970,7560
1172,7561
1430,7562
239,7563
599,7564
2003,7565
754,7566
2004,7567
100,7568
523,7569
851,7570
884,7571
1623,7574
1652,7575
709,7576
921,7577
1369,7578
1185,7579
467,7580
2005,7582
568,7583
1332,7585
1390,7586
101,7588
53,7589
96,7590
156,7591
278,7592
444,7593
844,7594
951,7595
1260,7596
160,7597
948,7599
993,7600
1161,7601
1671,7603
903,7606
2006,7608
331,7610
455,7612
577,7613
800,7614
1613,7616
358,7617
353,7621
1355,7622
2007,7624
352,7627
2008,7629
1496,7631
66,7632
479,7633
610,7634
797,7635
317,7637
2009,7638
1350,7639
1563,7640
466,7641
865,7642
1287,7643
2010,7646
202,7649
600,7651
2011,7653
2012,7654
1385,7655
503,7656
697,7657
1673,7659
1456,7660
2013,7661
338,7662
409,7664
652,7666
806,7667
1190,7668
1731,7670
531,7671
1356,7674
18,7675
2014,7677
1395,7678
1578,7679
1642,7680
552,7682
771,7684
1029,7685
1215,7686
616,7690
2015,7691
693,7692
1022,7693
1594,7694
1684,7696
1443,7697
457,7699
668,7700
2016,7701
1359,7702
506,7703
537,7704
2017,7705
1342,7707
243,7709
2018,7711
1582,7712
2019,7713
1472,7714
112,7716
115,7717
220,7718
2020,7721
113,7722
230,7723
752,7724
856,7725
1458,7727
1755,7728
325,7731
847,7732
2021,7733
1186,7734
1489,7735
300,7736
2022,7739
1195,7741
1428,7743
288,7744
1333,7745
1219,7746
1615,7749
240,7751
711,7753
795,7754
1448,7755
1647,7756
322,7758
832,7759
968,7760
1006,7761
25,7763
776,7765
989,7766
1254,7767
1516,7769
402,7770
1046,7773
833,7774
1229,7775
185,7776
1088,7777
1425,7778
1360,7781
2023,7782
1530,7783
2024,7784
2025,7785
920,7786
886,7787
2026,7788
2027,7789
207,7790
1218,7792
1748,7793
1644,7795
58,7797
1179,7798
1741,7800
717,7804
2028,7805
1412,7806
389,7807
1133,7808
1422,7811
1663,7812
777,7818
991,7822
2031,7823
1319,7824
900,7825
2032,7826
1548,7829
1113,7835
1152,7841
177,7843
641,7845
302,7847
436,7850
1041,7852
1468,7856
1492,7858
62,7861
661,7863
781,7865
163,7870
619,7872
2039,7874
234,7880
905,7882
1595,7885
767,7887
1302,7891
2041,7895
2042,7897
1534,7898
228,7899
1396,7901
1587,7905
2043,7907
1476,7909
521,7910
798,7911
2045,7917
591,7919
1021,7920
468,7921
1478,7930
913,7931
604,7932
692,7933
868,7934
1539,7935
1612,7936
229,7937
125,7940
738,7941
71,7943
3,7945
682,7952
1238,7955
1221,7957
83,7958
12,7963
1089,7964
1777,7966
271,7967
298,7968
480,7969
147,7972
1766,7980
1169,7981
2049,7982
1681,7987
1473,7988
1746,7990
2050,7993
425,7995
553,7996
504,7997
2051,7998
1768,8001
1109,8002
330,8004
928,8008
1442,8009
438,8012
1606,8013
864,8014
412,8016
292,8018
751,8019
695,8022
1577,8023
655,8024
772,8025
840,8029
1039,8030
548,8031
172,8032
262,8033
1283,8034
1091,8035
39,8040
1465,8042
1761,8044
437,8045
2055,8047
351,8048
858,8050
878,8051
1638,8053
1650,8054
579,8055
30,8056
5,8057
1655,8059
2056,8060
612,8061
1095,8062
583,8063
2057,8064
703,8065
327,8066
2058,8067
640,8068
1042,8069
1277,8071
1002,8073
266,8074
1160,8075
898,8076
1654,8081
84,8082
706,8084
47,8085
191,8086
1767,8087
930,8089
1697,8091
1536,8092
783,8093
1232,8094
500,8096
2060,8097
592,8098
923,8101
22,8102
137,8103
319,8105
198,8107
316,8109
1335,8111
1677,8112
830,8113
602,8116
296,8119
1565,8120
2063,8121
189,8123
133,8124
321,8125
1400,8126
873,8127
1009,8128
981,8129
768,8131
16,8132
2064,8133
63,8134
11,8136
1044,8137
702,8138
2065,8139
1704,8140
427,8143
1409,8144
1375,8145
1716,8147
532,8148
1340,8149
1353,8150
694,8153
1579,8154
1116,8155
324,8157
765,8159
192,8162
397,8163
1464,8164
1363,8165
2067,8167
1564,8168
595,8169
978,8173
445,8174
29,8175
611,8176
1451,8177
2071,8178
794,8179
727,8181
1712,8183
211,8186
572,8188
2072,8189
815,8190
474,8191
651,8192
343,8194
1164,8196
1685,8197
1772,8198
2073,8200
1420,8201
1710,8202
666,8204
1216,8205
1233,8206
1743,8207
1624,8208
175,8211
188,8212
573,8213
491,8215
539,8216
374,8217
1244,8218
1552,8219
1257,8220
627,8221
2076,8222
1698,8223
2077,8224
811,8225
481,8226
98,8227
2078,8228
1284,8231
2080,8232
565,8234
759,8235
2081,8236
2082,8237
244,8238
1183,8239
118,8240
674,8241
1368,8242
1728,8243
1003,8244
1434,8245
962,8246
1271,8247
68,8248
129,8249
877,8250
108,8251
1301,8252
498,8257
215,8258
54,8259
688,8260
377,8261
1362,8262
261,8263
1679,8264
1178,8265
57,8266
1461,8267
1016,8269
960,8271
2083,8272
33,8273
1678,8274
1721,8275
274,8276
1546,8277
684,8278
1708,8280
2085,8281
870,8282
2086,8283
606,8284
1557,8285
2087,8287
1235,8289
1480,8300
2091,8301
214,8303
2092,8304
1045,8305
1265,8306
1640,8308
2093,8309
276,8310
2094,8312
704,8313
969,8314
526,8315
580,8316
722,8322
723,8323
1745,8324
199,8325
827,8326
1291,8328
38,8329
1251,8331
2096,8333
290,8334
1139,8336
1315,8337
2097,8339
106,8340
986,8343
1590,8346
429,8347
432,8348
442,8349
2099,8350
667,8352
14,8355
2101,8357
136,8360
1664,8362
2102,8363
2103,8364
712,8365
1004,8366
550,8370
2104,8371
1555,8372
1727,8373
419,8374
554,8376
598,8377
963,8378
306,8379
1154,8381
2105,8382
1700,8383
2106,8384
954,8385
1043,8386
1491,8388
1676,8389
280,8390
2107,8391
1136,8392
1167,8393
236,8394
820,8395
1628,8397
1485,8399
221,8401
1258,8404
1318,8405
1742,8406
344,8407
741,8408
823,8409
227,8412
1352,8414
1424,8415
86,8418
209,8420
489,8421
528,8422
973,8424
1245,8425
2108,8426
1090,8429
1110,8430
512,8433
1267,8434
31,8435
1048,8436
1119,8437
1137,8438
1153,8439
1750,8441
131,8442
311,8443
654,8444
859,8445
1312,8446
1479,8447
363,8448
2109,8449
1249,8450
1388,8451
880,8452
2110,8453
1237,8454
1455,8455
2111,8456
2112,8457
134,8458
388,8459
866,8460
902,8461
1156,8462
1734,8464
634,8465
2113,8466
1592,8467
1618,8468
2114,8470
357,8471
720,8472
896,8473
1382,8474
1545,8475
507,8477
297,8479
315,8480
763,8482
2116,8483
1242,8484
158,8486
520,8487
1346,8488
2117,8489
1020,8490
46,8491
2118,8492
342,8493
916,8495
1317,8496
872,8500
1166,8504
632,8506
875,8507
1486,8509
2119,8511
966,8512
1729,8514
422,8516
734,8517
1038,8518
2120,8520
23,8521
2121,8522
2122,8524
55,8527
318,8529
453,8530
2123,8532
253,8535
206,8536
2124,8537
2125,8538
2126,8540
664,8541
557,8542
49,8544
2127,8545
2128,8546
1138,8547
2129,8548
1550,8549
589,8550
166,8551
755,8552
13,8553
148,8554
874,8556
1082,8557
1568,8558
138,8559
2130,8560
152,8561
178,8562
1765,8564
477,8565
1321,8567
1374,8568
2132,8571
1498,8572
1775,8573
26,8574
7,8575
2133,8576
883,8577
2134,8578
1124,8582
551,8583
636,8584
805,8585
1094,8586
2135,8587
1404,8588
1583,8590
618,8595
1170,8596
947,8597
502,8599
629,8600
1184,8601
1639,8602
1370,8604
336,8605
407,8606
471,8608
524,8609
926,8610
1688,8611
2137,8612
891,8613
907,8614
1330,8615
1403,8616
1754,8617
909,8618
75,8619
2138,8620
484,8621
2139,8622
1339,8623
952,8624
1364,8625
643,8626
940,8627
825,8628
2140,8629
2141,8630
1659,8632
145,8634
2142,8635
216,8637
60,8638
391,8639
992,8640
97,8642
89,8643
1441,8644
1463,8645
1483,8646
935,8647
1376,8648
2143,8649
2144,8650
235,8651
428,8652
1202,8656
208,8657
628,8658
788,8659
1189,8660
1717,8661
403,8662
65,8663
91,8664
1212,8665
1488,8666
1303,8667
293,8668
399,8669
2145,8670
678,8671
1087,8672
1140,8673
1181,8674
2146,8675
1444,8676
1554,8677
2147,8678
1507,8679
245,8680
515,8681
571,8682
871,8683
1085,8684
1259,8685
1292,8686
1709,8687
2148,8688
461,8689
2149,8690
1510,8691
24,8692
2150,8693
778,8694
534,8696
1211,8698
1196,8700
2152,8701
956,8702
2153,8703
1348,8704
1753,8705
2154,8706
1575,8707
104,8708
459,8709
729,8710
1027,8711
2155,8712
1494,8713
1447,8714
78,8715
2156,8716
890,8717
949,8718
1402,8719
686,8720
2157,8722
1112,8723
85,8725
1649,8726
203,8727
1282,8728
1499,8730
2158,8731
2159,8732
839,8733
857,8734
942,8735
1017,8736
1272,8737
1551,8738
1668,8739
2160,8740
176,8741
860,8742
914,8743
974,8744
1324,8745
99,8747
254,8749
354,8750
2161,8752
1145,8753
2162,8754
1261,8755
1392,8756
2163,8757
904,8758
2164,8759
1130,8760
1715,8762
431,8763
2165,8764
980,8765
1502,8766
1719,8767
1751,8768
19,8769
2166,8770
764,8771
809,8772
1611,8773
250,8774
1645,8775
994,8776
1255,8778
339,8779
1015,8780
2167,8781
1307,8782
1084,8783
1296,8784
497,8785
2168,8786
725,8787
934,8788
979,8789
1367,8790
1419,8791
1429,8792
1689,8793
119,8794
623,8796
2169,8797
1763,8798
814,8799
927,8800
1341,8801
1417,8802
1433,8803
1033,8804
59,8805
922,8806
1117,8807
1414,8808
155,8810
607,8811
999,8813
1366,8814
645,8815
2170,8816
2171,8817
1515,9602
2202,IV54
2213,T016
1155,T085
2216,T101
2218,T110
268,T112
2219,T116
2221,T126
680,T127
2222,T129
2223,T130
2224,T131
2225,T132
2226,T133
2230,T138
1514,T139
2232,T141
2234,T145
2331,X156
2447,X286
2479,X324
2519,X369
1780,2974
287,3363
1604,3955
1781,4047
1782,4061
1000,4086
159,4149
1125,4161
556,4178
1783,4193
1784,4271
1114,4281
1749,4294
1646,4329
1738,4340
658,4376
1785,4379
162,4381
1786,4389
1544,4452
1098,4494
277,4507
1030,4579
1787,4583
463,4585
997,4589
255,4617
1209,4621
672,4650
1694,4663
1789,4697
1790,4703
1791,4706
1792,4710
1601,4743
1572,4748
257,4766
908,4767
1102,4801
362,4806
2,4810
263,4814
1793,4821
1398,4824
841,4825
460,4831
88,4835
603,4836
304,4837
1308,4845
1625,4852
1794,4856
1250,4857
161,4861
267,4870
1795,4875
1316,4877
1796,4880
1797,4882
938,4886
639,4888
394,4901
1798,4920
937,4927
1171,4932
1799,4949
676,4951
1469,4952
1191,4981
1800,4987
249,4989
1801,4991
1524,4993
1802,4997
225,4998
1803,5002
1804,5003
669,5005
1,5011
774,5021
1147,5023
769,5029
496,5036
1806,5059
705,5062
1807,5065
1517,5072
562,5075
1432,5076
1099,5077
1757,5088
626,5089
196,5092
1007,5094
1808,5096
677,5102
656,5104
1809,5108
92,5111
486,5121
174,5123
1093,5127
726,5128
1810,5131
1811,5132
1812,5134
387,5135
1683,5143
76,5144
1165,5151
1210,5152
509,5154
1687,5160
1726,5161
845,5164
1813,5178
1518,5182
1299,5184
440,5186
1814,5189
1815,5192
1816,5200
1817,5206
1705,5212
1818,5214
1819,5225
140,5227
862,5231
747,5242
1148,5244
799,5249
1820,5254
1821,5255
154,5256
1822,5257
50,5258
434,5264
151,5273
1337,5275
964,5278
326,5285
1823,5286
1397,5287
1314,5288
892,5290
1197,5295
1600,5296
1824,5299
876,5302
585,5306
1825,5310
1470,5316
1826,5334
1827,5335
1371,5336
1828,5337
313,5339
1829,5346
285,5350
545,5360
1560,5363
150,5365
270,5366
1831,5369
1288,5371
735,5382
1526,5385
372,5394
746,5396
1833,5397
1835,5411
74,5412
1018,5413
1562,5421
609,5423
449,5425
1836,5427
1837,5428
1609,5433
1739,5434
281,5435
1838,5436
1839,5438
1520,5442
1121,5443
51,5444
1607,5445
1162,5452
804,5453
247,5455
1841,5458
1651,5461
1842,5464
1150,5465
681,5466
130,5467
413,5469
1386,5472
1843,5473
1844,5476
424,5477
1747,5481
1845,5487
1466,5489
1693,5490
766,5491
329,5494
1846,5495
380,5497
1264,5500
81,5502
1847,5503
452,5514
210,5516
1848,5517
1849,5523
792,5541
1040,5549
906,5553
1725,5560
1553,5561
1226,5562
1537,5568
1850,5569
698,5570
426,5573
1851,5574
1573,5575
1852,5577
1608,5578
1484,5580
1617,5591
995,5593
44,5607
586,5611
1527,5618
414,5619
527,5623
1408,5624
779,5630
563,5639
1853,5640
1538,5641
1732,5642
1558,5644
28,5648
801,5653
1855,5654
333,5664
269,5665
1856,5666
852,5669
1858,5677
1859,5678
1860,5688
1532,5689
671,5696
679,5697
1861,5698
510,5702
1862,5705
829,5706
259,5709
264,5711
576,5712
1863,5715
64,5716
1570,5717
1864,5719
488,5727
439,5728
587,5729
1031,5730
1256,5738
701,5740
447,5741
93,5742
1438,5752
620,5753
1865,5758
714,5759
350,5760
1005,5762
1320,5763
544,5769
238,5772
